{"best_tau": 0.8546766079433286, "roc_auc": 0.9987516371971186}