{
  "accuracy": 0.9752066115702479,
  "roc_auc": 0.9922600619195047
}